id_proposicao,id_votacao,partido,voto
28692,167471911,PSL,1
28692,167471911,PP,1
28692,167471911,PSD,1
28692,167471911,PDT,5
28692,167471911,SD,5
28692,167471911,PODEMOS,5
28692,167471911,PT,-1
28692,167471911,PSB,-1
28692,167471911,PSOL,-1
28692,167471911,PPS,1
28692,167471911,NOVO,1
28692,167471911,PATRIOTA,1
28692,167471911,MINORIA,-1
28692,167471911,GOVERNO,1
28692,167471744,PSL,5
28692,167471744,PP,5
28692,167471744,PSD,5
28692,167471744,PDT,-1
28692,167471744,SD,-1
28692,167471744,PODEMOS,-1
28692,167471744,PT,-1
28692,167471744,PSB,-1
28692,167471744,PSOL,-1
28692,167471744,PPS,1
28692,167471744,NOVO,1
28692,167471744,MINORIA,-1
28692,167471744,OPOSIÇÃO,-1
28692,167471744,GOVERNO,5
946494,167612120,PSL,1
946494,167612120,PP,1
946494,167612120,PSD,1
946494,167612120,PDT,1
946494,167612120,PODEMOS,1
946494,167612120,PROS,1
946494,167612120,PT,1
946494,167612120,PSB,1
946494,167612120,PRB,1
946494,167612120,PSDB,1
946494,167612120,SOLIDARIEDADE,1
946494,167612120,PSOL,1
946494,167612120,PCdoB,1
946494,167612120,PPS,1
946494,167612120,NOVO,5
946494,167612120,PATRIOTA,1
946494,167612120,PHS,1
946494,167612120,PRP,1
946494,167612120,REDE,1
946494,167612120,PPL,1
946494,167612120,MAIORIA,1
946494,167612120,MINORIA,1
946494,167612120,OPOSIÇÃO,1
946494,167612120,GOVERNO,1
946494,167612104,PSL,-1
946494,167612104,PP,-1
946494,167612104,PSD,-1
946494,167612104,PDT,-1
946494,167612104,PODEMOS,-1
946494,167612104,PROS,-1
946494,167612104,PT,-1
946494,167612104,PSB,-1
946494,167612104,PRB,-1
946494,167612104,PSDB,-1
946494,167612104,SOLIDARIEDADE,-1
946494,167612104,PSOL,-1
946494,167612104,PCdoB,-1
946494,167612104,PPS,-1
946494,167612104,NOVO,5
946494,167612104,PATRIOTA,-1
946494,167612104,PHS,-1
946494,167612104,PRP,-1
946494,167612104,REDE,-1
946494,167612104,PPL,-1
946494,167612104,MAIORIA,-1
946494,167612104,MINORIA,-1
946494,167612104,OPOSIÇÃO,-1
946494,167612104,GOVERNO,-1
946494,167612109,PSL,-1
946494,167612109,PP,-1
946494,167612109,PSD,-1
946494,167612109,PDT,-1
946494,167612109,PODEMOS,-1
946494,167612109,PROS,-1
946494,167612109,PT,-1
946494,167612109,PSB,-1
946494,167612109,PRB,-1
946494,167612109,PSDB,-1
946494,167612109,SOLIDARIEDADE,-1
946494,167612109,PSOL,-1
946494,167612109,PCdoB,-1
946494,167612109,PPS,-1
946494,167612109,NOVO,5
946494,167612109,PATRIOTA,-1
946494,167612109,PHS,-1
946494,167612109,PRP,-1
946494,167612109,REDE,-1
946494,167612109,PPL,-1
946494,167612109,MAIORIA,-1
946494,167612109,MINORIA,-1
946494,167612109,OPOSIÇÃO,-1
946494,167612109,GOVERNO,-1
946494,167612052,PSL,1
946494,167612052,PP,1
946494,167612052,PSD,1
946494,167612052,PDT,1
946494,167612052,PODEMOS,1
946494,167612052,PROS,1
946494,167612052,PT,1
946494,167612052,PSB,1
946494,167612052,PRB,1
946494,167612052,PSDB,1
946494,167612052,SOLIDARIEDADE,1
946494,167612052,PSOL,1
946494,167612052,PCdoB,1
946494,167612052,PPS,1
946494,167612052,NOVO,5
946494,167612052,PATRIOTA,1
946494,167612052,PHS,1
946494,167612052,PRP,1
946494,167612052,REDE,1
946494,167612052,PPL,1
946494,167612052,MAIORIA,1
946494,167612052,MINORIA,1
946494,167612052,OPOSIÇÃO,1
946494,167612052,GOVERNO,1
946494,167612117,PSL,1
946494,167612117,PP,1
946494,167612117,PSD,1
946494,167612117,PDT,1
946494,167612117,PODEMOS,1
946494,167612117,PROS,1
946494,167612117,PT,1
946494,167612117,PSB,1
946494,167612117,PRB,1
946494,167612117,PSDB,1
946494,167612117,SOLIDARIEDADE,1
946494,167612117,PSOL,1
946494,167612117,PCdoB,1
946494,167612117,PPS,1
946494,167612117,NOVO,1
946494,167612117,PATRIOTA,1
946494,167612117,PHS,1
946494,167612117,PRP,1
946494,167612117,REDE,1
946494,167612117,PPL,1
946494,167612117,MAIORIA,1
946494,167612117,MINORIA,1
946494,167612117,OPOSIÇÃO,1
946494,167612117,GOVERNO,1
1672576,167541722,PSL,-1
1672576,167541722,PP,-1
1672576,167541722,PSD,-1
1672576,167541722,PDT,5
1672576,167541722,SD,5
1672576,167541722,PODEMOS,5
1672576,167541722,PT,2
1672576,167541722,PSB,5
1672576,167541722,PRB,-1
1672576,167541722,PSOL,2
1672576,167541722,PPS,-1
1672576,167541722,NOVO,-1
1672576,167541722,OPOSIÇÃO,5
1672576,167541722,GOVERNO,-1
1672576,167541738,PSL,-1
1672576,167541738,PP,-1
1672576,167541738,PSD,-1
1672576,167541738,PDT,5
1672576,167541738,SD,5
1672576,167541738,PODEMOS,5
1672576,167541738,PT,2
1672576,167541738,PSB,5
1672576,167541738,PRB,-1
1672576,167541738,PSOL,2
1672576,167541738,PPS,-1
1672576,167541738,NOVO,-1
1672576,167541738,MINORIA,5
1672576,167541738,GOVERNO,-1
1672576,167521917,PSL,-1
1672576,167521917,PP,-1
1672576,167521917,PSD,-1
1672576,167521917,PDT,-1
1672576,167521917,SD,-1
1672576,167521917,PODEMOS,-1
1672576,167521917,PT,2
1672576,167521917,PSB,5
1672576,167521917,PSOL,2
1672576,167521917,PPS,-1
1672576,167521917,NOVO,-1
1672576,167521917,PRB,-1
1672576,167521917,PATRIOTA,-1
1672576,167521917,MINORIA,5
1672576,167521917,GOVERNO,-1
1672576,167521839,PSL,-1
1672576,167521839,PP,-1
1672576,167521839,PSD,-1
1672576,167521839,PDT,-1
1672576,167521839,SD,-1
1672576,167521839,PODEMOS,-1
1672576,167521839,PT,2
1672576,167521839,PSB,5
1672576,167521839,PSOL,2
1672576,167521839,PPS,-1
1672576,167521839,NOVO,-1
1672576,167521839,PRB,-1
1672576,167521839,OPOSIÇÃO,1
1672576,167612023,PDT,5
1672576,167612023,PODEMOS,5
1672576,167612023,PROS,5
1672576,167612023,PSL,1
1672576,167612023,PP,1
1672576,167612023,PSD,1
1672576,167612023,PT,-1
1672576,167612023,PSB,-1
1672576,167612023,PRB,1
1672576,167612023,SOLIDARIEDADE,1
1672576,167612023,PSOL,-1
1672576,167612023,PCdoB,-1
1672576,167612023,PSDB,1
1672576,167612023,PPS,1
1672576,167612023,NOVO,1
1672576,167612023,PATRIOTA,1
1672576,167612023,MINORIA,-1
1672576,167612023,OPOSIÇÃO,-1
1672576,167612023,GOVERNO,1
1672576,167552030,PSL,-1
1672576,167552030,PP,-1
1672576,167552030,PSD,-1
1672576,167552030,PDT,1
1672576,167552030,SD,1
1672576,167552030,PODEMOS,1
1672576,167552030,PT,1
1672576,167552030,PSB,1
1672576,167552030,PRB,-1
1672576,167552030,PSOL,1
1672576,167552030,PCdoB,1
1672576,167552030,PPS,-1
1672576,167552030,NOVO,-1
1672576,167552030,PATRIOTA,5
1672576,167552030,GOVERNO,-1
1672576,167541651,PSL,-1
1672576,167541651,PP,-1
1672576,167541651,PSD,-1
1672576,167541651,PDT,5
1672576,167541651,SD,5
1672576,167541651,PODEMOS,5
1672576,167541651,PT,2
1672576,167541651,PSB,5
1672576,167541651,PRB,-1
1672576,167541651,PSOL,2
1672576,167541651,PPS,-1
1672576,167541651,NOVO,-1
1672576,167541651,PATRIOTA,-1
1672576,167532027,PSL,1
1672576,167532027,PP,1
1672576,167532027,PSD,1
1672576,167532027,PDT,5
1672576,167532027,SD,5
1672576,167532027,PODEMOS,5
1672576,167532027,PT,2
1672576,167532027,PSB,5
1672576,167532027,PSOL,2
1672576,167532027,PPS,1
1672576,167532027,NOVO,1
1672576,167532027,PRB,-1
1672576,167532027,PATRIOTA,1
1672576,167532027,MINORIA,-1
1672576,167532027,GOVERNO,1
1672576,167552050,PSL,-1
1672576,167552050,PP,-1
1672576,167552050,PSD,-1
1672576,167552050,PDT,1
1672576,167552050,SD,1
1672576,167552050,PODEMOS,1
1672576,167552050,PT,2
1672576,167552050,PSB,1
1672576,167552050,PRB,-1
1672576,167552050,PSOL,2
1672576,167552050,PCdoB,1
1672576,167552050,PPS,-1
1672576,167552050,NOVO,-1
1672576,167552050,PATRIOTA,-1
1672576,167552050,GOVERNO,-1
1672576,167541852,PSL,1
1672576,167541852,PP,1
1672576,167541852,PSD,1
1672576,167541852,PDT,5
1672576,167541852,SD,5
1672576,167541852,PODEMOS,5
1672576,167541852,PT,2
1672576,167541852,PSB,5
1672576,167541852,PRB,1
1672576,167541852,PSOL,2
1672576,167541852,PPS,1
1672576,167541852,NOVO,1
1672576,167541852,PATRIOTA,1
1672576,167541852,MINORIA,5
1672576,167541852,OPOSIÇÃO,-1
1672576,167541852,GOVERNO,1
1672576,167541810,PSL,-1
1672576,167541810,PP,-1
1672576,167541810,PSD,-1
1672576,167541810,PDT,5
1672576,167541810,SD,5
1672576,167541810,PODEMOS,5
1672576,167541810,PT,2
1672576,167541810,PSB,5
1672576,167541810,PRB,-1
1672576,167541810,PSOL,2
1672576,167541810,PPS,-1
1672576,167541810,NOVO,-1
1672576,167541810,PATRIOTA,2
1672576,167541810,MINORIA,1
1672576,167541810,OPOSIÇÃO,1
1672576,167541810,GOVERNO,-1
1672576,167541940,PSL,5
1672576,167541940,PP,5
1672576,167541940,PSD,5
1672576,167541940,PDT,1
1672576,167541940,SD,1
1672576,167541940,PODEMOS,1
1672576,167541940,PT,1
1672576,167541940,PSB,1
1672576,167541940,PRB,-1
1672576,167541940,PSOL,2
1672576,167541940,PPS,-1
1672576,167541940,NOVO,-1
1672576,167541940,MINORIA,1
1672576,167541940,OPOSIÇÃO,1
1672576,167541940,GOVERNO,5
1672576,167601836,PSL,-1
1672576,167601836,PP,-1
1672576,167601836,PSD,-1
1672576,167601836,PDT,-1
1672576,167601836,PODEMOS,-1
1672576,167601836,PROS,-1
1672576,167601836,PT,-1
1672576,167601836,PSB,-1
1672576,167601836,PRB,-1
1672576,167601836,SOLIDARIEDADE,-1
1672576,167601836,PSOL,-1
1672576,167601836,PCdoB,-1
1672576,167601836,PPS,-1
1672576,167601836,NOVO,-1
1672576,167601836,PATRIOTA,-1
1672576,167552007,PSL,-1
1672576,167552007,PP,-1
1672576,167552007,PSD,-1
1672576,167552007,PDT,-1
1672576,167552007,SD,-1
1672576,167552007,PODEMOS,-1
1672576,167552007,PT,2
1672576,167552007,PSB,-1
1672576,167552007,PRB,-1
1672576,167552007,PSOL,2
1672576,167552007,PCdoB,1
1672576,167552007,PPS,-1
1672576,167552007,NOVO,-1
1672576,167552007,PATRIOTA,-1
1672576,167552007,MINORIA,1
1672576,167552007,GOVERNO,-1
1672576,167601800,PSL,5
1672576,167601800,PP,5
1672576,167601800,PSD,5
1672576,167601800,PDT,5
1672576,167601800,PODEMOS,5
1672576,167601800,PROS,5
1672576,167601800,PT,1
1672576,167601800,PRB,-1
1672576,167601800,SOLIDARIEDADE,-1
1672576,167601800,PSOL,1
1672576,167601800,PCdoB,1
1672576,167601800,PPS,-1
1672576,167601800,NOVO,-1
2083376,167301033,PSL,2
2083376,167301033,PP,2
2083376,167301033,PSD,2
2083376,167301033,PDT,2
2083376,167301033,SD,2
2083376,167301033,PODEMOS,2
2083376,167301033,PT,2
2083376,167301033,PL,-1
2083376,167301033,PSB,-1
2083376,167301033,PSOL,2
2083376,167301033,PPS,-1
2083376,167301033,NOVO,-1
2083376,167301033,MINORIA,2
2083376,167301033,GOVERNO,-1
2160860,167341919,PSL,1
2160860,167341919,PP,1
2160860,167341919,PSD,1
2160860,167341919,PDT,-1
2160860,167341919,SD,-1
2160860,167341919,PODEMOS,-1
2160860,167341919,PT,-1
2160860,167341919,PSB,-1
2160860,167341919,PSOL,2
2160860,167341919,PPS,1
2160860,167341919,NOVO,1
2160860,167341919,PATRIOTA,1
2160860,167341919,MINORIA,-1
2160860,167341919,GOVERNO,1
2160860,167351702,PSL,1
2160860,167351702,PP,1
2160860,167351702,PSD,1
2160860,167351702,PDT,5
2160860,167351702,SD,5
2160860,167351702,PODEMOS,5
2160860,167351702,PT,-1
2160860,167351702,PSB,-1
2160860,167351702,PSOL,-1
2160860,167351702,PROS,-1
2160860,167351702,PPS,1
2160860,167351702,NOVO,1
2160860,167351702,PATRIOTA,1
2160860,167351702,MINORIA,5
2160860,167351702,OPOSIÇÃO,-1
2160860,167351702,GOVERNO,1
2160860,167351743,PSL,-1
2160860,167351743,PP,-1
2160860,167351743,PSD,-1
2160860,167351743,PDT,5
2160860,167351743,SD,5
2160860,167351743,PODEMOS,5
2160860,167351743,PT,2
2160860,167351743,PSB,-1
2160860,167351743,PSOL,2
2160860,167351743,PPS,-1
2160860,167351743,NOVO,-1
2160860,167351743,PATRIOTA,-1
2160860,167351743,MINORIA,-1
2160860,167351743,OPOSIÇÃO,-1
2160860,167351811,PSL,-1
2160860,167351811,PP,-1
2160860,167351811,PSD,-1
2160860,167351811,PDT,5
2160860,167351811,SD,5
2160860,167351811,PODEMOS,5
2160860,167351811,PT,1
2160860,167351811,PSB,1
2160860,167351811,PSOL,1
2160860,167351811,PPS,-1
2160860,167351811,NOVO,-1
2160860,167351811,PATRIOTA,-1
2160860,167351811,MINORIA,1
2160860,167351811,OPOSIÇÃO,1
2160860,167351811,GOVERNO,-1
2160860,167351844,PSL,1
2160860,167351844,PP,1
2160860,167351844,PSD,1
2160860,167351844,PDT,5
2160860,167351844,SD,5
2160860,167351844,PODEMOS,5
2160860,167351844,PT,2
2160860,167351844,PSB,-1
2160860,167351844,PSOL,2
2160860,167351844,PPS,1
2160860,167351844,NOVO,1
2160860,167351844,PATRIOTA,1
2160860,167351844,MINORIA,-1
2160860,167351844,GOVERNO,1
2160860,167351938,PSL,1
2160860,167351938,PP,1
2160860,167351938,PSD,1
2160860,167351938,PDT,5
2160860,167351938,SD,5
2160860,167351938,PODEMOS,5
2160860,167351938,PT,-1
2160860,167351938,PSB,-1
2160860,167351938,PSOL,-1
2160860,167351938,PPS,1
2160860,167351938,NOVO,1
2160860,167351938,PATRIOTA,1
2160860,167351938,GOVERNO,1
2160860,167362029,PSL,-1
2160860,167362029,PP,-1
2160860,167362029,PSD,-1
2160860,167362029,PDT,1
2160860,167362029,SD,1
2160860,167362029,PODEMOS,1
2160860,167362029,PT,1
2160860,167362029,PSB,1
2160860,167362029,PSOL,1
2160860,167362029,PPS,-1
2160860,167362029,NOVO,-1
2160860,167362029,PATRIOTA,-1
2160860,167362029,MINORIA,1
2160860,167362029,GOVERNO,-1
2160860,167362049,PSL,1
2160860,167362049,PP,1
2160860,167362049,PSD,1
2160860,167362049,PDT,-1
2160860,167362049,SD,-1
2160860,167362049,PODEMOS,-1
2160860,167362049,PT,-1
2160860,167362049,PSB,-1
2160860,167362049,PSOL,-1
2160860,167362049,PPS,-1
2160860,167362049,NOVO,1
2160860,167362049,PATRIOTA,1
2160860,167341815,PSL,-1
2160860,167341815,PP,-1
2160860,167341815,PSD,-1
2160860,167341815,PDT,1
2160860,167341815,SD,1
2160860,167341815,PODEMOS,1
2160860,167341815,PT,1
2160860,167341815,PSB,1
2160860,167341815,PSOL,1
2160860,167341815,PPS,-1
2160860,167341815,NOVO,-1
2160860,167341815,GOVERNO,-1
2160860,167351906,PSL,1
2160860,167351906,PP,1
2160860,167351906,PSD,1
2160860,167351906,PDT,-1
2160860,167351906,SD,-1
2160860,167351906,PODEMOS,-1
2160860,167351906,PT,-1
2160860,167351906,PSB,-1
2160860,167351906,PSOL,-1
2160860,167351906,PPS,1
2160860,167351906,NOVO,1
2160860,167351906,PATRIOTA,1
2160860,167351622,PSL,2
2160860,167351622,PP,2
2160860,167351622,PSD,2
2160860,167351622,PDT,5
2160860,167351622,SD,5
2160860,167351622,PODEMOS,5
2160860,167351622,PT,2
2160860,167351622,PSB,1
2160860,167351622,PSOL,2
2160860,167351622,PPS,-1
2160860,167351622,NOVO,-1
2160860,167351622,PATRIOTA,-1
2160860,167362006,PSL,-1
2160860,167362006,PP,-1
2160860,167362006,PSD,-1
2160860,167362006,PDT,-1
2160860,167362006,SD,-1
2160860,167362006,PODEMOS,-1
2160860,167362006,PT,2
2160860,167362006,PSB,1
2160860,167362006,PSOL,2
2160860,167362006,PPS,-1
2160860,167362006,NOVO,-1
2179189,167271611,PSL,-1
2179189,167271611,PP,-1
2179189,167271611,PSD,-1
2179189,167271611,PDT,5
2179189,167271611,SD,5
2179189,167271611,PODEMOS,5
2179189,167271611,PT,2
2179189,167271611,PSB,5
2179189,167271611,PSOL,2
2179189,167271611,NOVO,-1
2179189,167271611,PPS,-1
2179189,167271611,GOVERNO,-1
2179189,167271717,PSL,-1
2179189,167271717,PP,-1
2179189,167271717,PSD,-1
2179189,167271717,PDT,-1
2179189,167271717,SD,-1
2179189,167271717,PODEMOS,-1
2179189,167271717,PT,2
2179189,167271717,PSB,1
2179189,167271717,PSOL,2
2179189,167271717,NOVO,-1
2179189,167271717,PPS,-1
2183943,167281821,PSL,1
2183943,167281821,PP,1
2183943,167281821,PSD,1
2183943,167281821,PDT,5
2183943,167281821,SD,5
2183943,167281821,PODEMOS,5
2183943,167281821,PT,-1
2183943,167281821,PL,1
2183943,167281821,PSB,1
2183943,167281821,PSOL,-1
2183943,167281821,PPS,1
2183943,167281821,NOVO,1
2188301,167992040,PP,-1
2188301,167992040,MDB,-1
2188301,167992040,PTB,-1
2188301,167992040,PT,2
2188301,167992040,PSL,-1
2188301,167992040,PL,-1
2188301,167992040,PSD,-1
2188301,167992040,PSB,2
2188301,167992040,PRB,-1
2188301,167992040,PSDB,-1
2188301,167992040,PDT,2
2188301,167992040,DEM,-1
2188301,167992040,SOLIDARIEDADE,-1
2188301,167992040,PODEMOS,-1
2188301,167992040,PSOL,2
2188301,167992040,PCdoB,2
2188301,167992040,PSC,-1
2188301,167992040,CIDADANIA,-1
2188301,167992040,NOVO,-1
2188301,167992040,PATRIOTA,-1
2188301,167992040,PV,-1
2188301,167992040,MINORIA,2
2188301,167992040,OPOSIÇÃO,2
2188301,167992040,GOVERNO,-1
2188301,167992055,PP,1
2188301,167992055,MDB,1
2188301,167992055,PTB,1
2188301,167992055,PT,2
2188301,167992055,PSL,1
2188301,167992055,PL,1
2188301,167992055,PSD,1
2188301,167992055,PSB,2
2188301,167992055,PRB,1
2188301,167992055,PSDB,1
2188301,167992055,PDT,2
2188301,167992055,DEM,1
2188301,167992055,SOLIDARIEDADE,1
2188301,167992055,PODEMOS,1
2188301,167992055,PSOL,2
2188301,167992055,PCdoB,2
2188301,167992055,PSC,1
2188301,167992055,CIDADANIA,1
2188301,167992055,NOVO,1
2188301,167992055,AVANTE,1
2188301,167992055,PATRIOTA,1
2188301,167992055,PV,1
2188301,167992055,PMN,1
2188301,167992055,MINORIA,2
2188301,167992055,OPOSIÇÃO,2
2188301,167992055,GOVERNO,1
2188301,167981841,PP,1
2188301,167981841,MDB,1
2188301,167981841,PTB,1
2188301,167981841,PT,2
2188301,167981841,PSL,1
2188301,167981841,PL,1
2188301,167981841,PSB,2
2188301,167981841,PRB,1
2188301,167981841,PSDB,1
2188301,167981841,PDT,2
2188301,167981841,DEM,1
2188301,167981841,SOLIDARIEDADE,1
2188301,167981841,PODEMOS,1
2188301,167981841,PSOL,2
2188301,167981841,PROS,1
2188301,167981841,PCdoB,2
2188301,167981841,PSC,1
2188301,167981841,CIDADANIA,1
2188301,167981841,NOVO,1
2188301,167981841,AVANTE,1
2188301,167981841,PATRIOTA,1
2188301,167981841,MINORIA,2
2188301,167981841,OPOSIÇÃO,2
2188301,167981841,GOVERNO,1
2188301,167981722,PP,-1
2188301,167981722,MDB,-1
2188301,167981722,PTB,-1
2188301,167981722,PT,2
2188301,167981722,PSL,-1
2188301,167981722,PL,-1
2188301,167981722,PSD,-1
2188301,167981722,PSB,2
2188301,167981722,PRB,-1
2188301,167981722,PSDB,-1
2188301,167981722,PDT,2
2188301,167981722,DEM,-1
2188301,167981722,SOLIDARIEDADE,-1
2188301,167981722,PODEMOS,-1
2188301,167981722,PSOL,2
2188301,167981722,PROS,-1
2188301,167981722,PCdoB,2
2188301,167981722,PSC,-1
2188301,167981722,CIDADANIA,-1
2188301,167981722,NOVO,-1
2188301,167981722,AVANTE,2
2188301,167981722,PATRIOTA,-1
2188301,167981722,MINORIA,2
2188301,167981722,OPOSIÇÃO,2
2188301,167981722,GOVERNO,-1
2188301,167981748,PP,-1
2188301,167981748,MDB,-1
2188301,167981748,PTB,-1
2188301,167981748,PT,2
2188301,167981748,PSL,-1
2188301,167981748,PL,-1
2188301,167981748,PSD,-1
2188301,167981748,PRB,-1
2188301,167981748,PDT,2
2188301,167981748,DEM,-1
2188301,167981748,SOLIDARIEDADE,-1
2188301,167981748,PODEMOS,-1
2188301,167981748,PSOL,2
2188301,167981748,PCdoB,2
2188301,167981748,PSC,-1
2188301,167981748,NOVO,-1
2188301,167981748,AVANTE,-1
2188301,167981748,PV,-1
2188301,167981748,OPOSIÇÃO,1
2188301,167992141,PP,1
2188301,167992141,MDB,1
2188301,167992141,PTB,1
2188301,167992141,PT,2
2188301,167992141,PSL,1
2188301,167992141,PL,1
2188301,167992141,PSD,1
2188301,167992141,PSB,2
2188301,167992141,PRB,1
2188301,167992141,PSDB,1
2188301,167992141,PDT,2
2188301,167992141,DEM,1
2188301,167992141,SOLIDARIEDADE,1
2188301,167992141,PSOL,2
2188301,167992141,PCdoB,2
2188301,167992141,PSC,1
2188301,167992141,CIDADANIA,1
2188301,167992141,NOVO,1
2188301,167992141,PATRIOTA,1
2188301,167992141,MINORIA,2
2188301,167992141,OPOSIÇÃO,2
2188301,167992141,GOVERNO,1
2188301,167992229,PP,1
2188301,167992229,MDB,1
2188301,167992229,PTB,1
2188301,167992229,PT,2
2188301,167992229,PSL,1
2188301,167992229,PL,1
2188301,167992229,PSD,2
2188301,167992229,PSB,2
2188301,167992229,PRB,1
2188301,167992229,PSDB,1
2188301,167992229,PDT,2
2188301,167992229,DEM,1
2188301,167992229,SOLIDARIEDADE,1
2188301,167992229,PSOL,2
2188301,167992229,PCdoB,2
2188301,167992229,PSC,1
2188301,167992229,CIDADANIA,1
2188301,167992229,NOVO,1
2188301,167992229,AVANTE,2
2188301,167992229,PATRIOTA,1
2188301,167992229,MINORIA,2
2188301,167992229,OPOSIÇÃO,2
2188301,167992229,GOVERNO,1
2188301,167981904,PP,1
2188301,167981904,MDB,1
2188301,167981904,PTB,1
2188301,167981904,PT,2
2188301,167981904,PSL,1
2188301,167981904,PL,1
2188301,167981904,PSD,1
2188301,167981904,PSB,2
2188301,167981904,PRB,1
2188301,167981904,PSDB,1
2188301,167981904,PDT,2
2188301,167981904,DEM,1
2188301,167981904,SOLIDARIEDADE,1
2188301,167981904,PODEMOS,1
2188301,167981904,PSOL,2
2188301,167981904,PROS,1
2188301,167981904,PCdoB,2
2188301,167981904,PSC,1
2188301,167981904,CIDADANIA,1
2188301,167981904,NOVO,1
2188301,167981904,AVANTE,1
2188301,167981904,PATRIOTA,1
2188301,167981904,MINORIA,2
2188301,167981904,GOVERNO,1
2188301,167981925,PP,-1
2188301,167981925,MDB,-1
2188301,167981925,PTB,-1
2188301,167981925,PT,2
2188301,167981925,PSL,-1
2188301,167981925,PL,-1
2188301,167981925,PSD,-1
2188301,167981925,PSB,2
2188301,167981925,PRB,-1
2188301,167981925,PSDB,-1
2188301,167981925,PDT,2
2188301,167981925,DEM,-1
2188301,167981925,SOLIDARIEDADE,-1
2188301,167981925,PODEMOS,-1
2188301,167981925,PSOL,2
2188301,167981925,PROS,-1
2188301,167981925,PCdoB,2
2188301,167981925,PSC,-1
2188301,167981925,CIDADANIA,-1
2188301,167981925,NOVO,-1
2188301,167981925,AVANTE,2
2188301,167981925,PATRIOTA,-1
2188301,167981925,MINORIA,2
2188301,167981925,GOVERNO,-1
2189858,168101803,PP,-1
2189858,168101803,MDB,-1
2189858,168101803,PTB,-1
2189858,168101803,PT,2
2189858,168101803,PSL,-1
2189858,168101803,PL,-1
2189858,168101803,PSD,-1
2189858,168101803,PSB,2
2189858,168101803,PRB,-1
2189858,168101803,PSDB,-1
2189858,168101803,PDT,2
2189858,168101803,DEM,-1
2189858,168101803,SOLIDARIEDADE,-1
2189858,168101803,PODEMOS,-1
2189858,168101803,PSOL,2
2189858,168101803,PCdoB,2
2189858,168101803,PSC,-1
2189858,168101803,CIDADANIA,-1
2189858,168101803,NOVO,-1
2189858,168101803,AVANTE,-1
2189858,168101803,PATRIOTA,-1
2189858,168101803,REDE,2
2189858,168101803,OPOSIÇÃO,2
2189858,168101803,GOVERNO,-1
2189858,168101907,PP,-1
2189858,168101907,MDB,-1
2189858,168101907,PTB,-1
2189858,168101907,PT,2
2189858,168101907,PSL,-1
2189858,168101907,PL,-1
2189858,168101907,PSB,2
2189858,168101907,PRB,-1
2189858,168101907,PSDB,-1
2189858,168101907,PDT,2
2189858,168101907,DEM,-1
2189858,168101907,SOLIDARIEDADE,-1
2189858,168101907,PSOL,2
2189858,168101907,PROS,-1
2189858,168101907,PCdoB,2
2189858,168101907,PSC,-1
2189858,168101907,CIDADANIA,-1
2189858,168101907,NOVO,-1
2189858,168101907,PV,-1
2189858,168101907,REDE,2
2189858,168101907,MINORIA,2
2189858,168101907,OPOSIÇÃO,2
2189858,168101907,GOVERNO,-1
2189858,168101724,PP,-1
2189858,168101724,MDB,-1
2189858,168101724,PTB,-1
2189858,168101724,PT,2
2189858,168101724,PSL,-1
2189858,168101724,PL,-1
2189858,168101724,PSD,-1
2189858,168101724,PSB,2
2189858,168101724,PRB,-1
2189858,168101724,PSDB,-1
2189858,168101724,PDT,2
2189858,168101724,DEM,-1
2189858,168101724,SOLIDARIEDADE,-1
2189858,168101724,PODEMOS,-1
2189858,168101724,PSOL,2
2189858,168101724,PCdoB,2
2189858,168101724,PSC,-1
2189858,168101724,CIDADANIA,-1
2189858,168101724,NOVO,-1
2189858,168101724,AVANTE,-1
2189858,168101724,PATRIOTA,-1
2189858,168101724,REDE,2
2189858,168101724,MINORIA,2
2189858,168101724,GOVERNO,-1
2189858,168112153,PP,-1
2189858,168112153,MDB,-1
2189858,168112153,PTB,-1
2189858,168112153,PT,2
2189858,168112153,PSL,-1
2189858,168112153,PL,-1
2189858,168112153,PSD,-1
2189858,168112153,PSB,1
2189858,168112153,PRB,-1
2189858,168112153,PSDB,-1
2189858,168112153,PDT,2
2189858,168112153,DEM,-1
2189858,168112153,SOLIDARIEDADE,-1
2189858,168112153,PSOL,2
2189858,168112153,PROS,-1
2189858,168112153,PCdoB,1
2189858,168112153,PSC,1
2189858,168112153,CIDADANIA,-1
2189858,168112153,NOVO,-1
2189858,168112153,PATRIOTA,-1
2189858,168112153,PV,-1
2189858,168112153,MINORIA,1
2189858,168112153,OPOSIÇÃO,2
2189858,168112153,GOVERNO,-1
2189858,168101831,PP,-1
2189858,168101831,MDB,-1
2189858,168101831,PTB,-1
2189858,168101831,PT,2
2189858,168101831,PSL,-1
2189858,168101831,PL,-1
2189858,168101831,PSD,-1
2189858,168101831,PSB,2
2189858,168101831,PRB,-1
2189858,168101831,PSDB,-1
2189858,168101831,PDT,2
2189858,168101831,DEM,-1
2189858,168101831,SOLIDARIEDADE,-1
2189858,168101831,PODEMOS,-1
2189858,168101831,PSOL,2
2189858,168101831,PCdoB,2
2189858,168101831,PSC,-1
2189858,168101831,CIDADANIA,-1
2189858,168101831,NOVO,-1
2189858,168101831,PATRIOTA,-1
2189858,168101831,PV,-1
2189858,168101831,REDE,2
2189858,168101831,MINORIA,2
2189858,168101831,OPOSIÇÃO,2
2189858,168101831,GOVERNO,-1
2190237,168181939,PP,-1
2190237,168181939,MDB,-1
2190237,168181939,PTB,-1
2190237,168181939,PT,2
2190237,168181939,PSL,-1
2190237,168181939,PL,-1
2190237,168181939,PSD,-1
2190237,168181939,PSB,1
2190237,168181939,PRB,-1
2190237,168181939,PSDB,-1
2190237,168181939,PDT,2
2190237,168181939,DEM,-1
2190237,168181939,SOLIDARIEDADE,-1
2190237,168181939,PODEMOS,1
2190237,168181939,PSOL,1
2190237,168181939,PCdoB,1
2190237,168181939,CIDADANIA,5
2190237,168181939,NOVO,-1
2190237,168181939,PV,1
2190237,168181939,REDE,1
2190237,168181939,MINORIA,1
2190237,168181850,PP,-1
2190237,168181850,MDB,-1
2190237,168181850,PTB,-1
2190237,168181850,PT,2
2190237,168181850,PSL,-1
2190237,168181850,PL,-1
2190237,168181850,PSD,-1
2190237,168181850,PSB,2
2190237,168181850,PRB,-1
2190237,168181850,PSDB,-1
2190237,168181850,PDT,2
2190237,168181850,DEM,-1
2190237,168181850,SOLIDARIEDADE,-1
2190237,168181850,PODEMOS,2
2190237,168181850,PSOL,2
2190237,168181850,PROS,-1
2190237,168181850,PCdoB,2
2190237,168181850,PSC,-1
2190237,168181850,CIDADANIA,2
2190237,168181850,NOVO,-1
2190237,168181850,AVANTE,-1
2190237,168181850,PATRIOTA,-1
2190237,168181850,PV,2
2190237,168181850,REDE,2
2190237,168181850,MINORIA,2
2190237,168181850,OPOSIÇÃO,2
2190237,168181850,GOVERNO,-1
2190237,168192147,PP,1
2190237,168192147,MDB,1
2190237,168192147,PTB,1
2190237,168192147,PT,2
2190237,168192147,PSL,1
2190237,168192147,PL,1
2190237,168192147,PSD,1
2190237,168192147,PSB,2
2190237,168192147,PRB,1
2190237,168192147,PSDB,1
2190237,168192147,PDT,2
2190237,168192147,DEM,1
2190237,168192147,SOLIDARIEDADE,1
2190237,168192147,PSOL,2
2190237,168192147,PROS,1
2190237,168192147,PCdoB,2
2190237,168192147,CIDADANIA,5
2190237,168192147,NOVO,1
2190237,168192147,PV,2
2190237,168192147,PMN,2
2190237,168192147,REDE,2
2190237,168192147,MINORIA,2
2190237,168192147,OPOSIÇÃO,2
2190237,168192147,GOVERNO,1
2190237,168201630,PP,1
2190237,168201630,MDB,1
2190237,168201630,PTB,1
2190237,168201630,PT,2
2190237,168201630,PSL,1
2190237,168201630,PL,1
2190237,168201630,PSD,1
2190237,168201630,PSB,2
2190237,168201630,PRB,1
2190237,168201630,PSDB,1
2190237,168201630,PDT,2
2190237,168201630,DEM,1
2190237,168201630,SOLIDARIEDADE,1
2190237,168201630,PSOL,2
2190237,168201630,PCdoB,2
2190237,168201630,PSC,1
2190237,168201630,CIDADANIA,5
2190237,168201630,NOVO,1
2190237,168201630,PV,2
2190237,168201630,PMN,2
2190237,168201630,MINORIA,2
2190237,168201630,OPOSIÇÃO,2
2190237,168201630,GOVERNO,1
2190237,168192102,PP,-1
2190237,168192102,MDB,-1
2190237,168192102,PTB,-1
2190237,168192102,PT,2
2190237,168192102,PSL,-1
2190237,168192102,PL,-1
2190237,168192102,PSD,-1
2190237,168192102,PSB,2
2190237,168192102,PRB,-1
2190237,168192102,PSDB,-1
2190237,168192102,PDT,2
2190237,168192102,DEM,-1
2190237,168192102,SOLIDARIEDADE,-1
2190237,168192102,PSOL,2
2190237,168192102,PROS,-1
2190237,168192102,PCdoB,2
2190237,168192102,CIDADANIA,5
2190237,168192102,NOVO,-1
2190237,168192102,AVANTE,-1
2190237,168192102,PV,2
2190237,168192102,REDE,2
2190237,168192119,PP,-1
2190237,168192119,MDB,-1
2190237,168192119,PTB,-1
2190237,168192119,PT,2
2190237,168192119,PSL,-1
2190237,168192119,PL,-1
2190237,168192119,PSD,-1
2190237,168192119,PSB,2
2190237,168192119,PRB,-1
2190237,168192119,PSDB,-1
2190237,168192119,PDT,2
2190237,168192119,DEM,-1
2190237,168192119,SOLIDARIEDADE,-1
2190237,168192119,PODEMOS,1
2190237,168192119,PSOL,2
2190237,168192119,PROS,-1
2190237,168192119,PCdoB,2
2190237,168192119,CIDADANIA,5
2190237,168192119,NOVO,-1
2190237,168192119,PV,2
2190237,168192119,REDE,2
2190237,168192119,MINORIA,2
2190237,168192119,OPOSIÇÃO,2
2190237,168192119,GOVERNO,-1
2190237,168211755,PP,1
2190237,168211755,MDB,1
2190237,168211755,PTB,1
2190237,168211755,PT,2
2190237,168211755,PSL,1
2190237,168211755,PL,1
2190237,168211755,PSD,1
2190237,168211755,PSB,2
2190237,168211755,PRB,1
2190237,168211755,PSDB,1
2190237,168211755,PDT,2
2190237,168211755,DEM,1
2190237,168211755,SOLIDARIEDADE,1
2190237,168211755,PSOL,2
2190237,168211755,PROS,1
2190237,168211755,PCdoB,2
2190237,168211755,PSC,1
2190237,168211755,CIDADANIA,5
2190237,168211755,NOVO,1
2190237,168211755,PV,2
2190237,168211755,MINORIA,2
2190237,168211808,PP,1
2190237,168211808,MDB,1
2190237,168211808,PTB,1
2190237,168211808,PT,2
2190237,168211808,PSL,1
2190237,168211808,PL,1
2190237,168211808,PSD,1
2190237,168211808,PSB,2
2190237,168211808,PRB,1
2190237,168211808,PSDB,1
2190237,168211808,PDT,2
2190237,168211808,DEM,1
2190237,168211808,SOLIDARIEDADE,1
2190237,168211808,PSOL,2
2190237,168211808,PROS,1
2190237,168211808,PCdoB,2
2190237,168211808,CIDADANIA,5
2190237,168211808,NOVO,1
2190237,168211808,AVANTE,1
2190237,168211808,PV,2
2190237,168211808,MINORIA,2
2190237,168211808,OPOSIÇÃO,2
2190237,168211808,GOVERNO,1
2190237,168211825,PP,1
2190237,168211825,MDB,1
2190237,168211825,PTB,1
2190237,168211825,PT,2
2190237,168211825,PSL,1
2190237,168211825,PL,1
2190237,168211825,PSD,1
2190237,168211825,PSB,2
2190237,168211825,PRB,1
2190237,168211825,PSDB,1
2190237,168211825,PDT,2
2190237,168211825,DEM,1
2190237,168211825,SOLIDARIEDADE,1
2190237,168211825,PODEMOS,1
2190237,168211825,PSOL,2
2190237,168211825,PROS,1
2190237,168211825,PCdoB,2
2190237,168211825,NOVO,1
2190237,168211825,AVANTE,1
2190237,168211825,PV,2
2190237,168211825,MINORIA,2
2190237,168211825,GOVERNO,1
2190237,168201458,PP,-1
2190237,168201458,MDB,-1
2190237,168201458,PTB,-1
2190237,168201458,PT,1
2190237,168201458,PSL,-1
2190237,168201458,PL,-1
2190237,168201458,PSD,-1
2190237,168201458,PSB,1
2190237,168201458,PRB,-1
2190237,168201458,PSDB,-1
2190237,168201458,PDT,1
2190237,168201458,DEM,-1
2190237,168201458,SOLIDARIEDADE,-1
2190237,168201458,PODEMOS,-1
2190237,168201458,PSOL,1
2190237,168201458,PROS,-1
2190237,168201458,PCdoB,1
2190237,168201458,PSC,-1
2190237,168201458,CIDADANIA,1
2190237,168201458,NOVO,-1
2190237,168201458,AVANTE,-1
2190237,168201458,PATRIOTA,1
2190237,168201458,PV,1
2190237,168201458,REDE,1
2190237,168201458,MAIORIA,-1
2190237,168201458,MINORIA,1
2190237,168201458,OPOSIÇÃO,1
2190237,168201458,GOVERNO,-1
2190237,168201709,PP,1
2190237,168201709,MDB,1
2190237,168201709,PTB,1
2190237,168201709,PT,2
2190237,168201709,PSL,1
2190237,168201709,PL,1
2190237,168201709,PSD,1
2190237,168201709,PSB,-1
2190237,168201709,PRB,1
2190237,168201709,PSDB,5
2190237,168201709,PDT,2
2190237,168201709,DEM,1
2190237,168201709,SOLIDARIEDADE,1
2190237,168201709,PSOL,2
2190237,168201709,PROS,1
2190237,168201709,PCdoB,2
2190237,168201709,PSC,1
2190237,168201709,CIDADANIA,5
2190237,168201709,NOVO,1
2190237,168201709,AVANTE,1
2190237,168201709,PV,2
2190237,168201709,MINORIA,2
2190237,168201709,OPOSIÇÃO,-1
2190237,168201709,GOVERNO,1
2190237,168211900,PP,1
2190237,168211900,MDB,1
2190237,168211900,PTB,1
2190237,168211900,PT,2
2190237,168211900,PSL,1
2190237,168211900,PL,1
2190237,168211900,PSD,1
2190237,168211900,PSB,-1
2190237,168211900,PRB,1
2190237,168211900,PSDB,1
2190237,168211900,PDT,2
2190237,168211900,DEM,1
2190237,168211900,SOLIDARIEDADE,1
2190237,168211900,PSOL,2
2190237,168211900,PROS,1
2190237,168211900,PCdoB,2
2190237,168211900,PSC,1
2190237,168211900,CIDADANIA,5
2190237,168211900,NOVO,1
2190237,168211900,PV,-1
2190237,168211900,MINORIA,2
2190237,168211900,GOVERNO,1
2190237,168201534,PP,1
2190237,168201534,MDB,1
2190237,168201534,PTB,1
2190237,168201534,PT,2
2190237,168201534,PSL,1
2190237,168201534,PL,1
2190237,168201534,PSD,1
2190237,168201534,PSB,2
2190237,168201534,PRB,1
2190237,168201534,PSDB,1
2190237,168201534,PDT,2
2190237,168201534,DEM,1
2190237,168201534,SOLIDARIEDADE,1
2190237,168201534,PODEMOS,1
2190237,168201534,PSOL,2
2190237,168201534,PROS,1
2190237,168201534,PCdoB,2
2190237,168201534,PSC,1
2190237,168201534,CIDADANIA,5
2190237,168201534,NOVO,1
2190237,168201534,AVANTE,1
2190237,168201534,PATRIOTA,1
2190237,168201534,PV,2
2190237,168201534,REDE,2
2190237,168201534,MINORIA,2
2190237,168201534,GOVERNO,1
2190237,168201559,PP,-1
2190237,168201559,MDB,-1
2190237,168201559,PTB,-1
2190237,168201559,PT,2
2190237,168201559,PSL,-1
2190237,168201559,PL,-1
2190237,168201559,PSD,-1
2190237,168201559,PSB,2
2190237,168201559,PRB,-1
2190237,168201559,PSDB,-1
2190237,168201559,PDT,2
2190237,168201559,DEM,-1
2190237,168201559,SOLIDARIEDADE,-1
2190237,168201559,PODEMOS,5
2190237,168201559,PSOL,2
2190237,168201559,PCdoB,2
2190237,168201559,PSC,-1
2190237,168201559,CIDADANIA,5
2190237,168201559,NOVO,-1
2190237,168201559,AVANTE,-1
2190237,168201559,PV,2
2190237,168201559,MINORIA,2
2190237,168201559,OPOSIÇÃO,2
2190237,168201559,GOVERNO,-1
2190237,168211912,PP,1
2190237,168211912,MDB,1
2190237,168211912,PTB,1
2190237,168211912,PT,2
2190237,168211912,PSL,1
2190237,168211912,PL,1
2190237,168211912,PSD,5
2190237,168211912,PSB,2
2190237,168211912,PRB,1
2190237,168211912,PSDB,1
2190237,168211912,PDT,2
2190237,168211912,DEM,1
2190237,168211912,SOLIDARIEDADE,1
2190237,168211912,PSOL,2
2190237,168211912,PROS,1
2190237,168211912,PCdoB,2
2190237,168211912,PSC,1
2190237,168211912,CIDADANIA,5
2190237,168211912,NOVO,1
2190237,168211912,AVANTE,1
2190237,168211912,PV,-1
2190237,168211912,MINORIA,2
2190237,168211912,OPOSIÇÃO,2
2190237,168211921,PP,-1
2190237,168211921,MDB,-1
2190237,168211921,PTB,-1
2190237,168211921,PT,2
2190237,168211921,PSL,-1
2190237,168211921,PL,-1
2190237,168211921,PSD,-1
2190237,168211921,PSB,2
2190237,168211921,PRB,-1
2190237,168211921,PSDB,5
2190237,168211921,PDT,2
2190237,168211921,DEM,-1
2190237,168211921,SOLIDARIEDADE,-1
2190237,168211921,PODEMOS,-1
2190237,168211921,PSOL,2
2190237,168211921,PROS,-1
2190237,168211921,PCdoB,2
2190237,168211921,PSC,-1
2190237,168211921,CIDADANIA,5
2190237,168211921,NOVO,-1
2190237,168211921,PV,1
2190237,168211921,MINORIA,2
2190237,168211921,OPOSIÇÃO,2
2190237,168211921,GOVERNO,-1
2190237,168211847,PP,1
2190237,168211847,MDB,1
2190237,168211847,PTB,1
2190237,168211847,PT,2
2190237,168211847,PSL,1
2190237,168211847,PL,1
2190237,168211847,PSD,1
2190237,168211847,PSB,2
2190237,168211847,PRB,1
2190237,168211847,PSDB,1
2190237,168211847,PDT,2
2190237,168211847,DEM,1
2190237,168211847,SOLIDARIEDADE,1
2190237,168211847,PSOL,2
2190237,168211847,PROS,1
2190237,168211847,PCdoB,2
2190237,168211847,PSC,1
2190237,168211847,CIDADANIA,5
2190237,168211847,NOVO,1
2190237,168211847,AVANTE,1
2190237,168211847,PV,2
2190237,168211847,MINORIA,2
2190237,168211847,GOVERNO,1
2190237,168201645,PP,1
2190237,168201645,MDB,1
2190237,168201645,PTB,1
2190237,168201645,PT,2
2190237,168201645,PSL,1
2190237,168201645,PL,1
2190237,168201645,PSD,1
2190237,168201645,PSB,2
2190237,168201645,PRB,1
2190237,168201645,PSDB,1
2190237,168201645,PDT,2
2190237,168201645,DEM,1
2190237,168201645,SOLIDARIEDADE,1
2190237,168201645,PSOL,2
2190237,168201645,PROS,1
2190237,168201645,PCdoB,2
2190237,168201645,PSC,1
2190237,168201645,CIDADANIA,1
2190237,168201645,NOVO,1
2190237,168201645,AVANTE,1
2190237,168201645,PV,2
2190237,168201645,MINORIA,2
2190237,168201645,GOVERNO,1
2190237,168192044,PP,1
2190237,168192044,MDB,1
2190237,168192044,PTB,1
2190237,168192044,PT,2
2190237,168192044,PSL,1
2190237,168192044,PL,1
2190237,168192044,PSD,1
2190237,168192044,PSB,2
2190237,168192044,PRB,1
2190237,168192044,PSDB,1
2190237,168192044,PDT,2
2190237,168192044,DEM,1
2190237,168192044,SOLIDARIEDADE,1
2190237,168192044,PODEMOS,-1
2190237,168192044,PSOL,2
2190237,168192044,PROS,1
2190237,168192044,PCdoB,2
2190237,168192044,CIDADANIA,5
2190237,168192044,NOVO,1
2190237,168192044,PV,2
2190237,168192044,REDE,2
2190237,168192044,GOVERNO,1
2190237,168192026,PP,-1
2190237,168192026,MDB,-1
2190237,168192026,PTB,-1
2190237,168192026,PT,2
2190237,168192026,PSL,-1
2190237,168192026,PL,-1
2190237,168192026,PSD,-1
2190237,168192026,PSB,2
2190237,168192026,PRB,-1
2190237,168192026,PSDB,-1
2190237,168192026,PDT,2
2190237,168192026,DEM,-1
2190237,168192026,SOLIDARIEDADE,-1
2190237,168192026,PSOL,2
2190237,168192026,PROS,-1
2190237,168192026,PCdoB,2
2190237,168192026,CIDADANIA,5
2190237,168192026,NOVO,-1
2190237,168192026,PV,2
2190237,168192026,REDE,2
2190237,168192026,MINORIA,2
2190237,168192026,OPOSIÇÃO,2
2190237,168201251,PP,-1
2190237,168201251,MDB,-1
2190237,168201251,PTB,-1
2190237,168201251,PT,2
2190237,168201251,PSL,-1
2190237,168201251,PL,-1
2190237,168201251,PSD,-1
2190237,168201251,PSB,2
2190237,168201251,PRB,-1
2190237,168201251,PSDB,-1
2190237,168201251,PDT,2
2190237,168201251,DEM,-1
2190237,168201251,SOLIDARIEDADE,-1
2190237,168201251,PODEMOS,1
2190237,168201251,PSOL,2
2190237,168201251,PCdoB,2
2190237,168201251,CIDADANIA,1
2190237,168201251,NOVO,-1
2190237,168201251,AVANTE,-1
2190237,168201251,PV,2
2190237,168201251,PMN,2
2190237,168201251,REDE,2
2190237,168201251,MINORIA,2
2190237,168201251,OPOSIÇÃO,2
2190237,168201251,GOVERNO,-1
2190237,168201412,PP,1
2190237,168201412,MDB,1
2190237,168201412,PTB,1
2190237,168201412,PT,2
2190237,168201412,PSL,1
2190237,168201412,PL,1
2190237,168201412,PSD,1
2190237,168201412,PSB,2
2190237,168201412,PRB,1
2190237,168201412,PSDB,1
2190237,168201412,PDT,2
2190237,168201412,DEM,1
2190237,168201412,SOLIDARIEDADE,1
2190237,168201412,PODEMOS,2
2190237,168201412,PSOL,2
2190237,168201412,PROS,1
2190237,168201412,PCdoB,2
2190237,168201412,PSC,1
2190237,168201412,CIDADANIA,5
2190237,168201412,NOVO,1
2190237,168201412,AVANTE,1
2190237,168201412,PV,2
2190237,168201412,REDE,2
2190237,168201412,OPOSIÇÃO,2
2190237,168201412,GOVERNO,1
2190237,168211736,PP,-1
2190237,168211736,MDB,-1
2190237,168211736,PTB,-1
2190237,168211736,PT,2
2190237,168211736,PSL,-1
2190237,168211736,PL,-1
2190237,168211736,PSD,-1
2190237,168211736,PSB,2
2190237,168211736,PRB,-1
2190237,168211736,PSDB,-1
2190237,168211736,PDT,2
2190237,168211736,DEM,-1
2190237,168211736,SOLIDARIEDADE,-1
2190237,168211736,PSOL,2
2190237,168211736,PROS,-1
2190237,168211736,PCdoB,2
2190237,168211736,CIDADANIA,5
2190237,168211736,NOVO,-1
2190237,168211736,PV,2
2190237,168211736,MINORIA,2
2190237,168211736,OPOSIÇÃO,2
2190237,168211736,GOVERNO,-1
2190288,168132014,PP,-1
2190288,168132014,MDB,-1
2190288,168132014,PTB,-1
2190288,168132014,PT,-1
2190288,168132014,PSL,1
2190288,168132014,PL,-1
2190288,168132014,PSD,5
2190288,168132014,PSB,-1
2190288,168132014,PRB,-1
2190288,168132014,PSDB,5
2190288,168132014,PDT,-1
2190288,168132014,DEM,-1
2190288,168132014,SOLIDARIEDADE,-1
2190288,168132014,PODEMOS,1
2190288,168132014,PSOL,-1
2190288,168132014,PROS,1
2190288,168132014,PCdoB,-1
2190288,168132014,PSC,-1
2190288,168132014,CIDADANIA,1
2190288,168132014,NOVO,1
2190288,168132014,AVANTE,-1
2190288,168132014,PV,1
2190288,168132014,MAIORIA,-1
2190288,168132014,MINORIA,-1
2190288,168132014,OPOSIÇÃO,-1
2190288,168132014,GOVERNO,1
2190288,168121634,PP,2
2190288,168121634,MDB,2
2190288,168121634,PTB,2
2190288,168121634,PT,2
2190288,168121634,PSL,1
2190288,168121634,PL,2
2190288,168121634,PSD,5
2190288,168121634,PSB,2
2190288,168121634,PRB,2
2190288,168121634,PSDB,5
2190288,168121634,PDT,2
2190288,168121634,DEM,2
2190288,168121634,SOLIDARIEDADE,2
2190288,168121634,PODEMOS,1
2190288,168121634,PSOL,2
2190288,168121634,PCdoB,2
2190288,168121634,PSC,-1
2190288,168121634,CIDADANIA,1
2190288,168121634,NOVO,1
2190288,168121634,AVANTE,-1
2190288,168121634,PATRIOTA,2
2190288,168121634,PV,5
2190288,168121634,GOVERNO,1
2190355,168211957,PP,-1
2190355,168211957,MDB,-1
2190355,168211957,PTB,-1
2190355,168211957,PT,2
2190355,168211957,PSL,-1
2190355,168211957,PL,-1
2190355,168211957,PSD,-1
2190355,168211957,PSB,2
2190355,168211957,PRB,-1
2190355,168211957,PSDB,-1
2190355,168211957,PDT,-1
2190355,168211957,DEM,-1
2190355,168211957,SOLIDARIEDADE,-1
2190355,168211957,PODEMOS,-1
2190355,168211957,PSOL,2
2190355,168211957,PROS,-1
2190355,168211957,PCdoB,2
2190355,168211957,CIDADANIA,-1
2190355,168211957,NOVO,-1
2190355,168211957,AVANTE,-1
2190355,168211957,PV,-1
2190355,168211957,MAIORIA,-1
2190355,168211957,OPOSIÇÃO,2
2190355,168211957,GOVERNO,-1
2190355,168222225,PP,-1
2190355,168222225,MDB,-1
2190355,168222225,PTB,-1
2190355,168222225,PT,1
2190355,168222225,PSL,-1
2190355,168222225,PL,1
2190355,168222225,PSD,-1
2190355,168222225,PSB,1
2190355,168222225,PRB,-1
2190355,168222225,PSDB,-1
2190355,168222225,PDT,1
2190355,168222225,DEM,-1
2190355,168222225,PODEMOS,-1
2190355,168222225,PSOL,1
2190355,168222225,PROS,5
2190355,168222225,PCdoB,1
2190355,168222225,PSC,-1
2190355,168222225,CIDADANIA,-1
2190355,168222225,NOVO,-1
2190355,168222225,AVANTE,-1
2190355,168222225,PATRIOTA,-1
2190355,168222225,PV,1
2190355,168222225,MAIORIA,-1
2190355,168222225,MINORIA,1
2190355,168222225,OPOSIÇÃO,1
2190355,168222225,GOVERNO,-1
2190355,168222244,PP,-1
2190355,168222244,MDB,-1
2190355,168222244,PTB,-1
2190355,168222244,PT,1
2190355,168222244,PSL,-1
2190355,168222244,PL,-1
2190355,168222244,PSD,-1
2190355,168222244,PSB,1
2190355,168222244,PRB,-1
2190355,168222244,PSDB,-1
2190355,168222244,PDT,1
2190355,168222244,DEM,-1
2190355,168222244,SOLIDARIEDADE,1
2190355,168222244,PODEMOS,-1
2190355,168222244,PSOL,1
2190355,168222244,PCdoB,1
2190355,168222244,PSC,-1
2190355,168222244,CIDADANIA,5
2190355,168222244,NOVO,-1
2190355,168222244,AVANTE,-1
2190355,168222244,PATRIOTA,-1
2190355,168222244,PV,5
2190355,168222244,MAIORIA,-1
2190355,168222244,MINORIA,1
2190355,168222244,OPOSIÇÃO,1
2190355,168212144,PP,1
2190355,168212144,MDB,1
2190355,168212144,PTB,1
2190355,168212144,PT,-1
2190355,168212144,PSL,1
2190355,168212144,PL,1
2190355,168212144,PSD,1
2190355,168212144,PSB,-1
2190355,168212144,PRB,1
2190355,168212144,PSDB,1
2190355,168212144,PDT,-1
2190355,168212144,DEM,1
2190355,168212144,SOLIDARIEDADE,1
2190355,168212144,PODEMOS,1
2190355,168212144,PSOL,-1
2190355,168212144,PCdoB,-1
2190355,168212144,PSC,1
2190355,168212144,CIDADANIA,1
2190355,168212144,NOVO,1
2190355,168212144,AVANTE,1
2190355,168212144,PATRIOTA,1
2190355,168212144,PV,-1
2190355,168212144,MAIORIA,1
2190355,168212144,MINORIA,-1
2190355,168212144,OPOSIÇÃO,-1
2190355,168212144,GOVERNO,1
2190355,168222300,PP,1
2190355,168222300,MDB,1
2190355,168222300,PTB,1
2190355,168222300,PT,1
2190355,168222300,PSL,-1
2190355,168222300,PL,-1
2190355,168222300,PSD,5
2190355,168222300,PSB,1
2190355,168222300,PRB,-1
2190355,168222300,PSDB,1
2190355,168222300,PDT,1
2190355,168222300,DEM,1
2190355,168222300,SOLIDARIEDADE,1
2190355,168222300,PODEMOS,-1
2190355,168222300,PSOL,1
2190355,168222300,PROS,-1
2190355,168222300,PCdoB,1
2190355,168222300,CIDADANIA,1
2190355,168222300,NOVO,-1
2190355,168222300,AVANTE,1
2190355,168222300,PATRIOTA,-1
2190355,168222300,PV,1
2190355,168222300,PMN,1
2190355,168222300,MAIORIA,5
2190355,168222300,MINORIA,1
2190355,168222300,OPOSIÇÃO,1
2190880,167341652,PSL,5
2190880,167341652,PP,5
2190880,167341652,PSD,5
2190880,167341652,PDT,-1
2190880,167341652,SD,-1
2190880,167341652,PODEMOS,-1
2190880,167341652,PT,-1
2190880,167341652,PSB,-1
2190880,167341652,PSOL,-1
2190880,167341652,PPS,-1
2190880,167341652,NOVO,-1
2190880,167341652,PATRIOTA,-1
2192300,167341609,PSL,5
2192300,167341609,PP,5
2192300,167341609,PSD,5
2192300,167341609,PDT,1
2192300,167341609,SD,1
2192300,167341609,PODEMOS,1
2192300,167341609,PT,1
2192300,167341609,PSB,1
2192300,167341609,PSOL,1
2192300,167341609,PPS,1
2192300,167341609,NOVO,1
2192300,167341609,PATRIOTA,1
2192300,167341609,REDE,1
2192300,167341609,MINORIA,1
2192300,167341609,OPOSIÇÃO,1
2192300,167341609,GOVERNO,5
2193540,167681805,PP,-1
2193540,167681805,PL,-1
2193540,167681805,PSD,-1
2193540,167681805,PT,-1
2193540,167681805,PSL,-1
2193540,167681805,PDT,5
2193540,167681805,PROS,5
2193540,167681805,PSB,1
2193540,167681805,PRB,-1
2193540,167681805,PSDB,-1
2193540,167681805,SOLIDARIEDADE,-1
2193540,167681805,PODEMOS,5
2193540,167681805,PSOL,1
2193540,167681805,PCdoB,1
2193540,167681805,PPS,1
2193540,167681805,NOVO,1
2193540,167681805,REDE,1
2193540,167681805,MAIORIA,-1
2193540,167681805,MINORIA,5
2193540,167881734,PP,-1
2193540,167881734,MDB,-1
2193540,167881734,PTB,-1
2193540,167881734,PT,2
2193540,167881734,PSL,-1
2193540,167881734,PL,-1
2193540,167881734,PSD,-1
2193540,167881734,PDT,-1
2193540,167881734,AVANTE,-1
2193540,167881734,PSB,-1
2193540,167881734,PRB,-1
2193540,167881734,PSDB,1
2193540,167881734,DEM,-1
2193540,167881734,SOLIDARIEDADE,-1
2193540,167881734,PODEMOS,-1
2193540,167881734,PSOL,2
2193540,167881734,PCdoB,1
2193540,167881734,PSC,1
2193540,167881734,CIDADANIA,-1
2193540,167881734,NOVO,1
2193540,167881734,PATRIOTA,-1
2193540,167881734,PV,1
2193540,167881734,MAIORIA,-1
2193540,167881734,MINORIA,5
2193540,167881734,GOVERNO,5
2193564,168001950,PP,1
2193564,168001950,MDB,1
2193564,168001950,PTB,1
2193564,168001950,PT,2
2193564,168001950,PSL,1
2193564,168001950,PL,1
2193564,168001950,PSD,1
2193564,168001950,PSB,5
2193564,168001950,PRB,1
2193564,168001950,PSDB,1
2193564,168001950,PDT,1
2193564,168001950,DEM,1
2193564,168001950,SOLIDARIEDADE,1
2193564,168001950,PODEMOS,1
2193564,168001950,PSOL,2
2193564,168001950,PCdoB,2
2193564,168001950,CIDADANIA,1
2193564,168001950,AVANTE,1
2193564,168001950,PATRIOTA,1
2193564,168001950,PV,1
2193564,168001950,MINORIA,5
2193564,168001746,PP,-1
2193564,168001746,MDB,-1
2193564,168001746,PTB,-1
2193564,168001746,PT,2
2193564,168001746,PSL,-1
2193564,168001746,PL,-1
2193564,168001746,PSD,-1
2193564,168001746,PSB,2
2193564,168001746,PRB,-1
2193564,168001746,PSDB,-1
2193564,168001746,PDT,2
2193564,168001746,DEM,-1
2193564,168001746,SOLIDARIEDADE,-1
2193564,168001746,PSOL,2
2193564,168001746,PCdoB,2
2193564,168001746,CIDADANIA,-1
2193564,168001746,AVANTE,-1
2193564,168001746,PATRIOTA,-1
2193564,168001746,PV,-1
2193564,168001746,PMN,-1
2193564,168001746,MINORIA,2
2193564,168001918,PP,-1
2193564,168001918,MDB,-1
2193564,168001918,PTB,-1
2193564,168001918,PT,2
2193564,168001918,PSL,-1
2193564,168001918,PL,-1
2193564,168001918,PSD,-1
2193564,168001918,PSB,2
2193564,168001918,PRB,-1
2193564,168001918,PSDB,-1
2193564,168001918,PDT,2
2193564,168001918,DEM,-1
2193564,168001918,SOLIDARIEDADE,-1
2193564,168001918,PODEMOS,-1
2193564,168001918,PSOL,2
2193564,168001918,PCdoB,2
2193564,168001918,PSC,-1
2193564,168001918,CIDADANIA,-1
2193564,168001918,NOVO,-1
2193564,168001918,AVANTE,-1
2193564,168001918,PATRIOTA,-1
2193564,168001918,OPOSIÇÃO,2
2193564,168001918,GOVERNO,-1
2193564,168001711,PP,-1
2193564,168001711,MDB,-1
2193564,168001711,PTB,-1
2193564,168001711,PT,2
2193564,168001711,PSL,-1
2193564,168001711,PL,-1
2193564,168001711,PSD,-1
2193564,168001711,PSB,2
2193564,168001711,PRB,-1
2193564,168001711,PSDB,-1
2193564,168001711,PDT,2
2193564,168001711,DEM,5
2193564,168001711,SOLIDARIEDADE,-1
2193564,168001711,PODEMOS,-1
2193564,168001711,PSOL,2
2193564,168001711,PROS,-1
2193564,168001711,PCdoB,2
2193564,168001711,PSC,-1
2193564,168001711,CIDADANIA,-1
2193564,168001711,NOVO,-1
2193564,168001711,AVANTE,-1
2193564,168001711,MINORIA,2
2193564,168001711,OPOSIÇÃO,2
2194357,167601632,PSL,1
2194357,167601632,PP,1
2194357,167601632,PSD,1
2194357,167601632,PDT,1
2194357,167601632,PODEMOS,1
2194357,167601632,PROS,1
2194357,167601632,PT,2
2194357,167601632,PSB,1
2194357,167601632,PRB,1
2194357,167601632,SOLIDARIEDADE,1
2194357,167601632,PSOL,2
2194357,167601632,PCdoB,1
2194357,167601632,PPS,1
2194357,167601632,NOVO,-1
2194540,167601719,PSL,5
2194540,167601719,PP,5
2194540,167601719,PSD,5
2194540,167601719,PDT,1
2194540,167601719,PODEMOS,1
2194540,167601719,PROS,1
2194540,167601719,PT,5
2194540,167601719,PSB,5
2194540,167601719,PRB,1
2194540,167601719,SOLIDARIEDADE,1
2194540,167601719,PSOL,-1
2194540,167601719,PCdoB,1
2194540,167601719,PPS,1
2194540,167601719,NOVO,-1
2194540,167601719,MINORIA,5
2203106,168041727,PP,1
2203106,168041727,MDB,1
2203106,168041727,PTB,1
2203106,168041727,PT,1
2203106,168041727,PSL,-1
2203106,168041727,PL,1
2203106,168041727,PSD,1
2203106,168041727,PSB,1
2203106,168041727,PRB,1
2203106,168041727,PSDB,1
2203106,168041727,PDT,1
2203106,168041727,DEM,1
2203106,168041727,SOLIDARIEDADE,1
2203106,168041727,PODEMOS,1
2203106,168041727,PSOL,1
2203106,168041727,PCdoB,1
2203106,168041727,CIDADANIA,1
2203106,168041727,NOVO,-1
2203106,168041727,AVANTE,1
2203106,168041727,PATRIOTA,1
2203106,168041727,PMN,1
2203106,168041727,REDE,1
2203106,168041727,MAIORIA,1
2203106,168041727,MINORIA,1
2203106,168041727,OPOSIÇÃO,1
2203106,168041727,GOVERNO,-1
